CommonAI.Zone.BuffTemplate,2001,Name;, = ,爆裂火焰－灼烧效果（&#44;&#32;&#32;&#32;EF&#32;&#44;&#32;TEST&#44;a&#44;b&#44;a12
CommonAI.Zone.BuffTemplate,2002,Name;, = ,爆裂火焰－灼烧效果（ＤＯＴ）
CommonAI.Zone.BuffTemplate,2003,Name;, = ,爆裂火焰－灼烧效果（ＤＯＴ）
CommonAI.Zone.BuffTemplate,2004,Name;, = ,爆裂火焰－灼烧效果（ＤＯＴ）
CommonAI.Zone.BuffTemplate,2005,Name;, = ,爆裂火焰－灼烧效果（ＤＯＴ）
CommonAI.Zone.BuffTemplate,2006,Name;, = ,爆裂火焰-爆轰（昏迷）
CommonAI.Zone.BuffTemplate,2007,Name;, = ,冰封路径（减速）
CommonAI.Zone.BuffTemplate,11101,Name;, = ,护盾（吸收伤害）
CommonAI.Zone.BuffTemplate,11102,Name;, = ,沉默
CommonAI.Zone.BuffTemplate,11103,Name;, = ,破甲（无绑定特效）
CommonAI.Zone.BuffTemplate,11104,Name;, = ,破刃（无绑定特效）
CommonAI.Zone.BuffTemplate,11105,Name;, = ,盾牌回旋-守护(伤害减少)
CommonAI.Zone.BuffTemplate,11106,Name;, = ,无畏冲击-嘲讽
CommonAI.Zone.BuffTemplate,11107,Name;, = ,无畏冲击-免怒气消耗
CommonAI.Zone.BuffTemplate,11108,Name;, = ,无畏冲击-伤害提升
CommonAI.Zone.BuffTemplate,11201,Name;, = ,巨神跃击-群体眩晕
CommonAI.Zone.BuffTemplate,11202,Name;, = ,狂怒旋风－风障（减伤）
CommonAI.Zone.BuffTemplate,11203,Name;, = ,狂怒旋风-真空（群体拉取）
CommonAI.Zone.BuffTemplate,11204,Name;, = ,狂怒旋风-疾风（加速）
CommonAI.Zone.BuffTemplate,11205,Name;, = ,嗜血猛击-流血（无绑定特效）
CommonAI.Zone.BuffTemplate,11206,Name;, = ,嗜血猛击-无力（无绑定特效）
CommonAI.Zone.BuffTemplate,11207,Name;, = ,嗜血猛击-回血（无绑定特效）
CommonAI.Zone.BuffTemplate,11208,Name;, = ,嗜血猛击-加怒（无绑定特效）
CommonAI.Zone.BuffTemplate,11209,Name;, = ,狂风打击-伤害增加（无绑定特效）
CommonAI.Zone.BuffTemplate,11210,Name;, = ,狂风打击-消耗增加（无绑定特效）
CommonAI.Zone.BuffTemplate,12101,Name;, = ,爆裂火焰－灼烧效果（ＤＯＴ）
CommonAI.Zone.BuffTemplate,12102,Name;, = ,爆裂火焰－灼烧效果（ＤＯＴ）
CommonAI.Zone.BuffTemplate,12103,Name;, = ,爆裂火焰－灼烧效果（ＤＯＴ）
CommonAI.Zone.BuffTemplate,12104,Name;, = ,爆裂火焰－灼烧效果（ＤＯＴ）
CommonAI.Zone.BuffTemplate,12105,Name;, = ,爆裂火焰－灼烧效果（ＤＯＴ）
CommonAI.Zone.BuffTemplate,12106,Name;, = ,爆裂火焰-爆轰（昏迷）
CommonAI.Zone.BuffTemplate,12107,Name;, = ,冰封路径（减速）
CommonAI.Zone.BuffTemplate,12108,Name;, = ,地狱业火－献祭（沉默）
CommonAI.Zone.BuffTemplate,12109,Name;, = ,冰川时代（冻结）
CommonAI.Zone.BuffTemplate,12110,Name;, = ,冰川时代－霜甲（护盾）
CommonAI.Zone.BuffTemplate,12201,Name;, = ,死亡射线-瓦解-受伤（增幅）20%
CommonAI.Zone.BuffTemplate,12202,Name;, = ,死亡射线-聚焦-伤害增加50%
CommonAI.Zone.BuffTemplate,12203,Name;, = ,死亡射线-动能-减速25%
CommonAI.Zone.BuffTemplate,12204,Name;, = ,慌乱投掷-恶臭-3秒持续效果
CommonAI.Zone.BuffTemplate,12205,Name;, = ,慌乱投掷-恶臭-0.5秒呕吐（眩晕）
CommonAI.Zone.BuffTemplate,12206,Name;, = ,慌乱投掷-粘乎乎-冷却时间额外+3秒
CommonAI.Zone.BuffTemplate,12207,Name;, = ,海盗炸弹-流氓-眩晕3秒
CommonAI.Zone.BuffTemplate,12208,Name;, = ,海盗炸弹-加重-伤害增加50%
CommonAI.Zone.BuffTemplate,12209,Name;, = ,钢铁之心-变身
CommonAI.Zone.BuffTemplate,12210,Name;, = ,钢铁之心-弹射-超级无敌风火轮伤害+20%
CommonAI.Zone.BuffTemplate,12211,Name;, = ,钢铁之心-普通攻击附加重击
CommonAI.Zone.BuffTemplate,12212,Name;, = ,钢铁之心-重击叠加附加眩晕
CommonAI.Zone.BuffTemplate,12213,Name;, = ,钢铁之心-传动-金刚霹雳火附加（移速+30%）
CommonAI.Zone.BuffTemplate,12214,Name;, = ,慌乱投掷-肾上腺素-输出伤害增加10%
CommonAI.Zone.BuffTemplate,12215,Name;, = ,慌乱投掷-肾上腺素-受到伤害增加20%
CommonAI.Zone.BuffTemplate,100001,Name;, = ,流血
CommonAI.Zone.BuffTemplate,100002,Name;, = ,雷霆(定身)
CommonAI.Zone.BuffTemplate,110001,Name;, = ,狂战士－左手发光球
CommonAI.Zone.BuffTemplate,110002,Name;, = ,狂战士－右手发光球
CommonAI.Zone.BuffTemplate,210001,Name;, = ,冻结
CommonAI.Zone.BuffTemplate,210002,Name;, = ,减速
CommonAI.Zone.BuffTemplate,175269430,Name;, = ,Effect&#32;Test&#32;&#44;&#32;EF&#32;&#44;&#32;TEST&#44;a&#44;b&#44;a12
CommonAI.Zone.ItemTemplate,10000,Name;, = ,矿
CommonAI.Zone.ItemTemplate,10001,Name;, = ,血球
CommonAI.Zone.ItemTemplate,20000,Name;, = ,战场分值
CommonAI.Zone.ItemTemplate,20001,Name;, = ,pvp计数
CommonAI.Zone.ItemTemplate,100001,Name;, = ,火
CommonAI.Zone.SkillTemplate,9001,Name;, = ,炮弹
CommonAI.Zone.SkillTemplate,10000,Name;, = ,普通攻击(多段)-战士
CommonAI.Zone.SkillTemplate,10010,Name;, = ,愤怒打击-战士
CommonAI.Zone.SkillTemplate,10011,Name;, = ,怪物普攻(远程)
CommonAI.Zone.SkillTemplate,10012,Name;, = ,怪物普攻(近战)
CommonAI.Zone.SkillTemplate,10020,Name;, = ,狂暴打击-战士
CommonAI.Zone.SkillTemplate,10030,Name;, = ,剑刃乱舞-战士
CommonAI.Zone.SkillTemplate,20000,Name;, = ,普通攻击_法师
CommonAI.Zone.SkillTemplate,20010,Name;, = ,奥术飞弹_法师
CommonAI.Zone.SkillTemplate,20020,Name;, = ,奥法奔流_法师
CommonAI.Zone.SkillTemplate,20030,Name;, = ,奥术弹幕_法师
CommonAI.Zone.SkillTemplate,30000,Name;, = ,普通攻击_游侠
CommonAI.Zone.SkillTemplate,30010,Name;, = ,瞄准射击_游侠
CommonAI.Zone.SkillTemplate,30020,Name;, = ,爆炸射击_游侠
CommonAI.Zone.SkillTemplate,40000,Name;, = ,普通攻击-服事
CommonAI.Zone.SkillTemplate,40010,Name;, = ,暴力锤击-服事
CommonAI.Zone.SkillTemplate,40020,Name;, = ,信仰之力-服事
CommonAI.Zone.SkillTemplate,110000,Name;, = ,普通攻击-骑士
CommonAI.Zone.SkillTemplate,110010,Name;, = ,盾牌冲锋-骑士
CommonAI.Zone.SkillTemplate,110011,Name;, = ,盾牌冲锋-蛮牛-骑士
CommonAI.Zone.SkillTemplate,110012,Name;, = ,盾牌冲锋-盾挡-骑士
CommonAI.Zone.SkillTemplate,110013,Name;, = ,盾牌冲锋-迅捷-骑士
CommonAI.Zone.SkillTemplate,110014,Name;, = ,盾牌冲锋-冲击-骑士
CommonAI.Zone.SkillTemplate,110020,Name;, = ,英勇打击-骑士
CommonAI.Zone.SkillTemplate,110021,Name;, = ,英勇打击-破甲-骑士
CommonAI.Zone.SkillTemplate,110022,Name;, = ,英勇打击-顺势-骑士
CommonAI.Zone.SkillTemplate,110023,Name;, = ,英勇打击-破刃-骑士
CommonAI.Zone.SkillTemplate,110024,Name;, = ,英勇打击-毁灭-骑士
CommonAI.Zone.SkillTemplate,110030,Name;, = ,盾牌回旋-骑士
CommonAI.Zone.SkillTemplate,110031,Name;, = ,盾牌回旋-专精-骑士
CommonAI.Zone.SkillTemplate,110032,Name;, = ,盾牌回旋-守护-骑士
CommonAI.Zone.SkillTemplate,110033,Name;, = ,盾牌回旋-复仇-骑士
CommonAI.Zone.SkillTemplate,110034,Name;, = ,盾牌回旋-钩锁-骑士
CommonAI.Zone.SkillTemplate,110040,Name;, = ,无畏冲击-骑士
CommonAI.Zone.SkillTemplate,110041,Name;, = ,无畏冲击-愤怒-骑士
CommonAI.Zone.SkillTemplate,110042,Name;, = ,无畏冲击-无畏-骑士
CommonAI.Zone.SkillTemplate,110043,Name;, = ,无畏冲击-角斗-骑士
CommonAI.Zone.SkillTemplate,110044,Name;, = ,无畏冲击-回响-骑士
CommonAI.Zone.SkillTemplate,120000,Name;, = ,普通攻击-狂战士
CommonAI.Zone.SkillTemplate,120010,Name;, = ,嗜血猛击-狂战士
CommonAI.Zone.SkillTemplate,120011,Name;, = ,嗜血猛击-重伤-狂战士
CommonAI.Zone.SkillTemplate,120012,Name;, = ,嗜血猛击-饮血-狂战士
CommonAI.Zone.SkillTemplate,120013,Name;, = ,嗜血猛击-失血-狂战士
CommonAI.Zone.SkillTemplate,120014,Name;, = ,嗜血猛击-狂怒-狂战士
CommonAI.Zone.SkillTemplate,120020,Name;, = ,狂风打击-狂战士
CommonAI.Zone.SkillTemplate,120021,Name;, = ,狂风打击-碾压-狂战士
CommonAI.Zone.SkillTemplate,120022,Name;, = ,狂风打击-横扫-狂战士
CommonAI.Zone.SkillTemplate,120023,Name;, = ,狂风打击-飓风-狂战士
CommonAI.Zone.SkillTemplate,120024,Name;, = ,狂风打击-漩涡-狂战士
CommonAI.Zone.SkillTemplate,120030,Name;, = ,狂怒旋风-狂战士
CommonAI.Zone.SkillTemplate,120031,Name;, = ,狂怒旋风-超频-狂战士
CommonAI.Zone.SkillTemplate,120032,Name;, = ,狂怒旋风-风障-狂战士
CommonAI.Zone.SkillTemplate,120033,Name;, = ,狂怒旋风-疾风-狂战士
CommonAI.Zone.SkillTemplate,120034,Name;, = ,狂怒旋风-真空-狂战士
CommonAI.Zone.SkillTemplate,120040,Name;, = ,巨神跃击-狂战士
CommonAI.Zone.SkillTemplate,120041,Name;, = ,巨神跃击-死神-狂战士
CommonAI.Zone.SkillTemplate,120042,Name;, = ,巨神跃击-屠戮-狂战士
CommonAI.Zone.SkillTemplate,120043,Name;, = ,巨神跃击-践踏-狂战士
CommonAI.Zone.SkillTemplate,120044,Name;, = ,巨神跃击-狂怒-狂战士
CommonAI.Zone.SkillTemplate,210000,Name;, = ,普通攻击－魔导士
CommonAI.Zone.SkillTemplate,210010,Name;, = ,爆裂火焰－魔导士
CommonAI.Zone.SkillTemplate,210011,Name;, = ,爆裂火焰－传导－魔导士
CommonAI.Zone.SkillTemplate,210012,Name;, = ,爆裂火焰－凝神－魔导士
CommonAI.Zone.SkillTemplate,210013,Name;, = ,爆裂火焰－聚焦－魔导士
CommonAI.Zone.SkillTemplate,210014,Name;, = ,爆裂火焰－爆轰－魔导士
CommonAI.Zone.SkillTemplate,210020,Name;, = ,冰封路径－魔导士
CommonAI.Zone.SkillTemplate,210021,Name;, = ,冰封路径－急冷－魔导士
CommonAI.Zone.SkillTemplate,210022,Name;, = ,冰封路径－严寒－魔导士
CommonAI.Zone.SkillTemplate,210023,Name;, = ,冰封路径－禁锢－魔导士
CommonAI.Zone.SkillTemplate,210024,Name;, = ,冰封路径－虹吸－魔导士
CommonAI.Zone.SkillTemplate,210030,Name;, = ,地狱业火－魔导士
CommonAI.Zone.SkillTemplate,210031,Name;, = ,地狱业火－灾炎－魔导士
CommonAI.Zone.SkillTemplate,210032,Name;, = ,地狱业火－崩塌－魔导士
CommonAI.Zone.SkillTemplate,210033,Name;, = ,地狱业火－预谋－魔导士
CommonAI.Zone.SkillTemplate,210034,Name;, = ,地狱业火－献祭－魔导士
CommonAI.Zone.SkillTemplate,210040,Name;, = ,冰川时代－魔导士
CommonAI.Zone.SkillTemplate,210041,Name;, = ,冰川时代－尖锐－魔导士
CommonAI.Zone.SkillTemplate,210042,Name;, = ,冰川时代－融霜－魔导士
CommonAI.Zone.SkillTemplate,210043,Name;, = ,冰川时代－深结－魔导士
CommonAI.Zone.SkillTemplate,210044,Name;, = ,冰川时代－霜甲－魔导士
CommonAI.Zone.SkillTemplate,220000,Name;, = ,普通攻击_炼金师
CommonAI.Zone.SkillTemplate,220010,Name;, = ,死亡射线_炼金师
CommonAI.Zone.SkillTemplate,220011,Name;, = ,死亡射线_瓦解_炼金师
CommonAI.Zone.SkillTemplate,220012,Name;, = ,死亡射线-追踪-炼金师
CommonAI.Zone.SkillTemplate,220013,Name;, = ,死亡射线_聚焦_炼金师
CommonAI.Zone.SkillTemplate,220014,Name;, = ,死亡射线_动能_炼金师
CommonAI.Zone.SkillTemplate,220020,Name;, = ,慌乱投掷_炼金师
CommonAI.Zone.SkillTemplate,220030,Name;, = ,召唤海盗炸弹_炼金师
CommonAI.Zone.SkillTemplate,220040,Name;, = ,钢之炼金_炼金师
CommonAI.Zone.SkillTemplate,300001,Name;, = ,白鬼普攻
CommonAI.Zone.SkillTemplate,300002,Name;, = ,Boss普攻
CommonAI.Zone.SkillTemplate,300003,Name;, = ,Boss技能1_震裂一击
CommonAI.Zone.SkillTemplate,300004,Name;, = ,Boss技能2_地刺
CommonAI.Zone.SkillTemplate,300005,Name;, = ,Boss技能3_狂乱锤击
CommonAI.Zone.SkillTemplate,2200301,Name;, = ,自爆攻击_步行_海盗炸弹
CommonAI.Zone.SkillTemplate,2200302,Name;, = ,自爆攻击_跳跃_海盗炸弹
CommonAI.Zone.SkillTemplate,2200303,Name;, = ,自爆攻击_加重_海盗炸弹
CommonAI.Zone.SkillTemplate,2200304,Name;, = ,自爆攻击_流氓_海盗炸弹
CommonAI.Zone.SkillTemplate,2200400,Name;, = ,普通攻击_战斗机甲-炼金师
CommonAI.Zone.SkillTemplate,2200401,Name;, = ,超级无敌风火轮-战斗机甲
CommonAI.Zone.SkillTemplate,2200402,Name;, = ,金刚霹雳火-战斗机甲
CommonAI.Zone.SkillTemplate,2200403,Name;, = ,超级无敌风火轮-弹射-战斗机甲
CommonAI.Zone.SkillTemplate,2200404,Name;, = ,重击雕文-普通攻击_战斗机甲-炼金师
CommonAI.Zone.SkillTemplate,2200405,Name;, = ,传动-金刚霹雳火-战斗机甲
CommonAI.Zone.SkillTemplate,9990001,Name;, = ,普通攻击-战士
CommonAI.Zone.SkillTemplate,99990000,Name;, = ,普通攻击-战士
CommonAI.Zone.SkillTemplate,99990001,Name;, = ,冲锋-战士
CommonAI.Zone.SkillTemplate,99990002,Name;, = ,向里吸
CommonAI.Zone.SkillTemplate,99990003,Name;, = ,摩西分海
CommonAI.Zone.SkillTemplate,99990004,Name;, = ,钩子
CommonAI.Zone.SkillTemplate,99990005,Name;, = ,射线
CommonAI.Zone.SkillTemplate,99990006,Name;, = ,浪
CommonAI.Zone.SkillTemplate,99990007,Name;, = ,环
CommonAI.Zone.SkillTemplate,99990008,Name;, = ,隔山打牛(A->B)
CommonAI.Zone.SkillTemplate,99990009,Name;, = ,大跳
CommonAI.Zone.SkillTemplate,99990010,Name;, = ,大风车
CommonAI.Zone.SkillTemplate,99990011,Name;, = ,暴风雪
CommonAI.Zone.SkillTemplate,99990012,Name;, = ,闪电链
CommonAI.Zone.SkillTemplate,99990015,Name;, = ,SpeedMissile
CommonAI.Zone.SkillTemplate,99991000,Name;, = ,加农炮
CommonAI.Zone.SkillTemplate,1707073206,Name;, = ,普通攻击_法师
CommonAI.Zone.SpellTemplate,10011,Name;, = ,黑暗旅者普攻
CommonAI.Zone.SpellTemplate,20099,Name;, = ,炮弹
CommonAI.Zone.SpellTemplate,100003,Name;, = ,魔炎(飞行道具)
CommonAI.Zone.SpellTemplate,100004,Name;, = ,狂怒旋风
CommonAI.Zone.SpellTemplate,110001,Name;, = ,飞弹1(法师普通攻击)
CommonAI.Zone.SpellTemplate,110002,Name;, = ,飞弹2(法师普通攻击)
CommonAI.Zone.SpellTemplate,110003,Name;, = ,飞弹3(法师普通攻击)
CommonAI.Zone.SpellTemplate,200001,Name;, = ,飞弹(法师普通攻击)
CommonAI.Zone.SpellTemplate,200002,Name;, = ,奥术飞弹(法师技能1)
CommonAI.Zone.SpellTemplate,210001,Name;, = ,爆裂火焰（火球）
CommonAI.Zone.SpellTemplate,210002,Name;, = ,爆裂火焰（爆炸）
CommonAI.Zone.SpellTemplate,210003,Name;, = ,地狱业火（火柱伤害）
CommonAI.Zone.SpellTemplate,210004,Name;, = ,地狱业火（火圈定位）
CommonAI.Zone.SpellTemplate,210005,Name;, = ,冰川时代
CommonAI.Zone.SpellTemplate,210006,Name;, = ,飞弹1(魔导普通攻击)
CommonAI.Zone.SpellTemplate,210007,Name;, = ,爆裂火焰-传导（爆炸）
CommonAI.Zone.SpellTemplate,210008,Name;, = ,爆裂火焰-凝神（爆炸）
CommonAI.Zone.SpellTemplate,210009,Name;, = ,爆裂火焰-聚焦（爆炸）
CommonAI.Zone.SpellTemplate,210010,Name;, = ,爆裂火焰-爆轰（爆炸）
CommonAI.Zone.SpellTemplate,210011,Name;, = ,爆裂火焰-传导（火球）
CommonAI.Zone.SpellTemplate,210012,Name;, = ,爆裂火焰-凝神（火球）
CommonAI.Zone.SpellTemplate,210013,Name;, = ,爆裂火焰-聚焦（火球）
CommonAI.Zone.SpellTemplate,210014,Name;, = ,爆裂火焰-爆轰（火球）
CommonAI.Zone.SpellTemplate,210015,Name;, = ,冰封路径－路径
CommonAI.Zone.SpellTemplate,210016,Name;, = ,冰封路径－急冷－路径
CommonAI.Zone.SpellTemplate,210017,Name;, = ,冰封路径－禁锢－路径
CommonAI.Zone.SpellTemplate,210018,Name;, = ,冰封路径－严寒－路径
CommonAI.Zone.SpellTemplate,210019,Name;, = ,冰封路径－虹吸－路径
CommonAI.Zone.SpellTemplate,210020,Name;, = ,地狱业火－灾炎（火圈定位）
CommonAI.Zone.SpellTemplate,210021,Name;, = ,地狱业火－崩塌（火圈定位）
CommonAI.Zone.SpellTemplate,210022,Name;, = ,地狱业火－预谋（火圈定位）
CommonAI.Zone.SpellTemplate,210023,Name;, = ,地狱业火－献祭（火圈定位）
CommonAI.Zone.SpellTemplate,210024,Name;, = ,地狱业火－灾炎（火柱伤害）
CommonAI.Zone.SpellTemplate,210025,Name;, = ,地狱业火－崩塌（火柱伤害）
CommonAI.Zone.SpellTemplate,210026,Name;, = ,地狱业火－预谋（火柱伤害）
CommonAI.Zone.SpellTemplate,210027,Name;, = ,地狱业火－献祭（火柱伤害）
CommonAI.Zone.SpellTemplate,210028,Name;, = ,冰川时代－尖锐
CommonAI.Zone.SpellTemplate,210029,Name;, = ,冰川时代－融霜
CommonAI.Zone.SpellTemplate,210030,Name;, = ,冰川时代－深结
CommonAI.Zone.SpellTemplate,210031,Name;, = ,冰川时代－霜甲
CommonAI.Zone.SpellTemplate,210032,Name;, = ,飞弹2(魔导普通攻击)
CommonAI.Zone.SpellTemplate,210033,Name;, = ,飞弹3(魔导普通攻击)
CommonAI.Zone.SpellTemplate,210034,Name;, = ,飞弹2-溅射(魔导普通攻击)
CommonAI.Zone.SpellTemplate,300001,Name;, = ,弓箭(游侠普通攻击)
CommonAI.Zone.SpellTemplate,300101,Name;, = ,高速箭(瞄准射击)
CommonAI.Zone.SpellTemplate,300201,Name;, = ,爆炸箭(爆炸射击)
CommonAI.Zone.SpellTemplate,300202,Name;, = ,命中爆炸(爆炸射击)
CommonAI.Zone.SpellTemplate,1000031,Name;, = ,魔炎(爆炸)
CommonAI.Zone.SpellTemplate,1100221,Name;, = ,顺势
CommonAI.Zone.SpellTemplate,1100431,Name;, = ,无畏冲击－角斗
CommonAI.Zone.SpellTemplate,1200221,Name;, = ,狂风打击-横扫
CommonAI.Zone.SpellTemplate,2000021,Name;, = ,能量球－炼金师普攻
CommonAI.Zone.SpellTemplate,2200000,Name;, = ,电击-炼金师普通攻击
CommonAI.Zone.SpellTemplate,2200001,Name;, = ,奥术飞弹(法师技能1)
CommonAI.Zone.SpellTemplate,2200101,Name;, = ,死亡射线
CommonAI.Zone.SpellTemplate,2200111,Name;, = ,死亡射线-瓦解
CommonAI.Zone.SpellTemplate,2200121,Name;, = ,死亡射线-追踪
CommonAI.Zone.SpellTemplate,2200131,Name;, = ,死亡射线-聚焦
CommonAI.Zone.SpellTemplate,2200141,Name;, = ,死亡射线-动能
CommonAI.Zone.SpellTemplate,2200201,Name;, = ,空瓶-炼金师-慌乱投掷
CommonAI.Zone.SpellTemplate,2200202,Name;, = ,臭鸡蛋-炼金师-慌乱投掷
CommonAI.Zone.SpellTemplate,2200203,Name;, = ,粘乎乎-炼金师-慌乱投掷
CommonAI.Zone.SpellTemplate,2200204,Name;, = ,肾上腺素-炼金师-慌乱投掷
CommonAI.Zone.SpellTemplate,2200301,Name;, = ,步行爆炸-海盗炸弹-炼金师
CommonAI.Zone.SpellTemplate,2200302,Name;, = ,跳跃爆炸-海盗炸弹-炼金师
CommonAI.Zone.SpellTemplate,2200303,Name;, = ,加重爆炸-海盗炸弹-炼金师
CommonAI.Zone.SpellTemplate,2200304,Name;, = ,流氓爆炸-海盗炸弹-炼金师
CommonAI.Zone.SpellTemplate,2200402,Name;, = ,喷火-钢之炼金-炼金师
CommonAI.Zone.SpellTemplate,22004011,Name;, = ,齿轮-超级无敌风火轮-钢之炼金
CommonAI.Zone.SpellTemplate,22004012,Name;, = ,追踪齿轮-超级无敌风火轮-钢之炼金
CommonAI.Zone.SpellTemplate,22004021,Name;, = ,传动喷火-钢之炼金-炼金师
CommonAI.Zone.SpellTemplate,22004031,Name;, = ,弹射齿轮-超级无敌风火轮-钢之炼金
CommonAI.Zone.SpellTemplate,22004032,Name;, = ,弹射追踪齿轮-超级无敌风火轮-钢之炼金
CommonAI.Zone.SpellTemplate,99990002,Name;, = ,向里吸
CommonAI.Zone.SpellTemplate,99990003,Name;, = ,摩西分海
CommonAI.Zone.SpellTemplate,99990004,Name;, = ,钩子
CommonAI.Zone.SpellTemplate,99990005,Name;, = ,射线
CommonAI.Zone.SpellTemplate,99990006,Name;, = ,浪
CommonAI.Zone.SpellTemplate,99990007,Name;, = ,环
CommonAI.Zone.SpellTemplate,99990010,Name;, = ,大风车
CommonAI.Zone.SpellTemplate,99990011,Name;, = ,暴风雪－圈
CommonAI.Zone.SpellTemplate,99990012,Name;, = ,暴风雪－渣
CommonAI.Zone.SpellTemplate,99990013,Name;, = ,闪电链-链
CommonAI.Zone.SpellTemplate,99990014,Name;, = ,闪电链-体
CommonAI.Zone.SpellTemplate,99990015,Name;, = ,SpeedMissle
CommonAI.Zone.SpellTemplate,99990016,Name;, = ,SpeedMissle
CommonAI.Zone.SpellTemplate,99990017,Name;, = ,SpeedMissle
CommonAI.Zone.SpellTemplate,99990018,Name;, = ,SpeedMissle
CommonAI.Zone.SpellTemplate,999900044,Name;, = ,钩子-前摇
CommonAI.Zone.SpellTemplate,1739600404,Name;, = ,加农炮
CommonAI.Zone.SpellTemplate,1833676130,Name;, = ,飞弹1(法师普通攻击)
CommonAI.Zone.UnitInfo,1,Name;, = ,测试单位_战士
CommonAI.Zone.UnitInfo,2,Name;, = ,测试单位_法师
CommonAI.Zone.UnitInfo,3,Name;, = ,测试单位_游侠
CommonAI.Zone.UnitInfo,4,Name;, = ,测试单位_服事
CommonAI.Zone.UnitInfo,6,Name;, = ,BOSS
CommonAI.Zone.UnitInfo,11,Name;, = ,测试单位_骑士
CommonAI.Zone.UnitInfo,12,Name;, = ,测试单位_狂战士
CommonAI.Zone.UnitInfo,13,Name;, = ,猎户
CommonAI.Zone.UnitInfo,21,Name;, = ,测试单位_魔导士
CommonAI.Zone.UnitInfo,22,Name;, = ,测试单位_炼金师
CommonAI.Zone.UnitInfo,30,Name;, = ,白鬼
CommonAI.Zone.UnitInfo,31,Name;, = ,精英白鬼
CommonAI.Zone.UnitInfo,101,Name;, = ,兽人步兵
CommonAI.Zone.UnitInfo,102,Name;, = ,狼骑兵
CommonAI.Zone.UnitInfo,103,Name;, = ,兽人猎头者
CommonAI.Zone.UnitInfo,104,Name;, = ,兽人投石车
CommonAI.Zone.UnitInfo,105,Name;, = ,兽人禁卫
CommonAI.Zone.UnitInfo,106,Name;, = ,兽人督军
CommonAI.Zone.UnitInfo,107,Name;, = ,兽人步兵
CommonAI.Zone.UnitInfo,108,Name;, = ,兽人斥候
CommonAI.Zone.UnitInfo,109,Name;, = ,兽人斥候
CommonAI.Zone.UnitInfo,110,Name;, = ,兽人斥候
CommonAI.Zone.UnitInfo,111,Name;, = ,霜狼
CommonAI.Zone.UnitInfo,112,Name;, = ,灰熊
CommonAI.Zone.UnitInfo,113,Name;, = ,兽人术士
CommonAI.Zone.UnitInfo,900,Name;, = ,测试单位_主角
CommonAI.Zone.UnitInfo,10101,Name;, = ,女武神入口
CommonAI.Zone.UnitInfo,20001,Name;, = ,埃里克队长
CommonAI.Zone.UnitInfo,20002,Name;, = ,村长
CommonAI.Zone.UnitInfo,20003,Name;, = ,埃里克队长
CommonAI.Zone.UnitInfo,20004,Name;, = ,村长
CommonAI.Zone.UnitInfo,20005,Name;, = ,铁匠
CommonAI.Zone.UnitInfo,20006,Name;, = ,杂货商
CommonAI.Zone.UnitInfo,20007,Name;, = ,珠宝工匠
CommonAI.Zone.UnitInfo,20008,Name;, = ,猎户
CommonAI.Zone.UnitInfo,20009,Name;, = ,老板娘
CommonAI.Zone.UnitInfo,20010,Name;, = ,奶牛
CommonAI.Zone.UnitInfo,20011,Name;, = ,受伤的士兵
CommonAI.Zone.UnitInfo,20012,Name;, = ,喝醉的士兵
CommonAI.Zone.UnitInfo,20013,Name;, = ,杂货商
CommonAI.Zone.UnitInfo,20014,Name;, = ,猎户
CommonAI.Zone.UnitInfo,20015,Name;, = ,维格拉夫将军
CommonAI.Zone.UnitInfo,22101,Name;, = ,兽人步兵
CommonAI.Zone.UnitInfo,22102,Name;, = ,兽人猎头者
CommonAI.Zone.UnitInfo,22103,Name;, = ,兽人术士
CommonAI.Zone.UnitInfo,22222,Name;, = ,农夫奥多
CommonAI.Zone.UnitInfo,22910,Name;, = ,渔夫瓦德
CommonAI.Zone.UnitInfo,30000,Name;, = ,兽人术士
CommonAI.Zone.UnitInfo,99999,Name;, = ,左应
CommonAI.Zone.UnitInfo,100001,Name;, = ,任务哥布林
CommonAI.Zone.UnitInfo,200041,Name;, = ,蓝方大本营
CommonAI.Zone.UnitInfo,200042,Name;, = ,红方大本营
CommonAI.Zone.UnitInfo,229999,Name;, = ,测试单位_狂战士_MONSTER
CommonAI.Zone.UnitInfo,239999,Name;, = ,测试单位_骑士_MONSTER
CommonAI.Zone.UnitInfo,249999,Name;, = ,测试单位_魔导士_MONSTER
CommonAI.Zone.UnitInfo,259999,Name;, = ,测试单位_战士_MONSTER
CommonAI.Zone.UnitInfo,269999,Name;, = ,测试单位_法师_MONSTER
CommonAI.Zone.UnitInfo,279999,Name;, = ,测试单位_炼金师_战斗机甲_MONSTER
CommonAI.Zone.UnitInfo,300001,Name;, = ,白鬼
CommonAI.Zone.UnitInfo,400001,Name;, = ,哥布林
CommonAI.Zone.UnitInfo,400002,Name;, = ,牛牛1号
CommonAI.Zone.UnitInfo,400003,Name;, = ,牛牛2号
CommonAI.Zone.UnitInfo,400004,Name;, = ,牛牛3号
CommonAI.Zone.UnitInfo,400005,Name;, = ,牛牛4号
CommonAI.Zone.UnitInfo,400006,Name;, = ,牛牛5号
CommonAI.Zone.UnitInfo,400007,Name;, = ,牛牛6号
CommonAI.Zone.UnitInfo,400008,Name;, = ,牛牛7号
CommonAI.Zone.UnitInfo,400009,Name;, = ,牛牛8号
CommonAI.Zone.UnitInfo,400010,Name;, = ,牛牛9号
CommonAI.Zone.UnitInfo,400011,Name;, = ,牛牛10号
CommonAI.Zone.UnitInfo,400012,Name;, = ,卫兵
CommonAI.Zone.UnitInfo,400013,Name;, = ,维格拉夫将军
CommonAI.Zone.UnitInfo,400014,Name;, = ,大法师
CommonAI.Zone.UnitInfo,400015,Name;, = ,伽罗德大帝
CommonAI.Zone.UnitInfo,400016,Name;, = ,铁匠
CommonAI.Zone.UnitInfo,400017,Name;, = ,杂货商
CommonAI.Zone.UnitInfo,400018,Name;, = ,珠宝工匠
CommonAI.Zone.UnitInfo,400019,Name;, = ,老板娘
CommonAI.Zone.UnitInfo,400020,Name;, = ,莱因哈特主教
CommonAI.Zone.UnitInfo,2001241,Name;, = ,猎户
CommonAI.Zone.UnitInfo,2001242,Name;, = ,猎户
CommonAI.Zone.UnitInfo,2200301,Name;, = ,普通海盗炸弹_炼金师
CommonAI.Zone.UnitInfo,2200302,Name;, = ,减负海盗炸弹_炼金师
CommonAI.Zone.UnitInfo,2200303,Name;, = ,加重海盗炸弹_炼金师
CommonAI.Zone.UnitInfo,2200304,Name;, = ,流氓海盗炸弹_炼金师
CommonAI.Zone.UnitInfo,2200401,Name;, = ,测试单位_炼金师_战斗机甲
CommonAI.Zone.UnitInfo,22999999,Name;, = ,测试单位_炼金师_MONSTER
CommonAI.Zone.UnitInfo,59252030,Name;, = ,兽人斥候
CommonAI.Zone.UnitInfo,99990000,Name;, = ,测试单位_战士
CommonAI.Zone.UnitInfo,99990001,Name;, = ,测试单位_召唤
CommonAI.Zone.UnitInfo,99990002,Name;, = ,测试木桩
CommonAI.Zone.UnitInfo,332483092,Name;, = ,测试单位_战士(MONSTER)
CommonAI.Zone.UnitInfo,999900001,Name;, = ,测试单位_战士(MONSTER)
CommonAI.Zone.UnitInfo,1366112403,Name;, = ,长毛象
CommonAI.Zone.UnitInfo,1503797092,Name;, = ,霜狼
CommonAI.Zone.UnitInfo,1721053082,Name;, = ,魔兔
CommonAI.Zone.ZoneEditor.SceneData,0,Name;, = ,0&#44;&#32;&#32;0&#44;&#32;&#32;&#32;&#32;abc
CommonAI.Zone.ZoneEditor.SceneData,101,Name;, = ,格伦米尔村
CommonAI.Zone.ZoneEditor.SceneData,102,Name;, = ,格兰德丘陵
CommonAI.Zone.ZoneEditor.SceneData,104,Name;, = ,伽罗德城
CommonAI.Zone.ZoneEditor.SceneData,107,Name;, = ,巨龙之墓(3v3)
CommonAI.Zone.ZoneEditor.SceneData,666,Events;1;Actions;Datas;13;Message;Value;, = ,你们这些跳梁小丑！准备承受我的怒火吧！
CommonAI.Zone.ZoneEditor.SceneData,666,Events;1;Actions;Datas;15;Message;Value;, = ,Sound:Tx001_chusheng
CommonAI.Zone.ZoneEditor.SceneData,666,Events;10;Actions;Datas;1;Message;str1;Value;, = ,杀死了你！
CommonAI.Zone.ZoneEditor.SceneData,666,Events;10;Actions;Datas;1;Message;str2;Value;, = ,
CommonAI.Zone.ZoneEditor.SceneData,666,Events;10;Actions;Datas;1;Message;str3;Value;, = ,
CommonAI.Zone.ZoneEditor.SceneData,666,Events;10;Actions;Datas;2;Message;str1;Value;, = ,杀死了
CommonAI.Zone.ZoneEditor.SceneData,666,Events;10;Actions;Datas;2;Message;str3;Value;, = ,
CommonAI.Zone.ZoneEditor.SceneData,666,Events;100;Conditions;Datas;1;Value;Value1;Name;Value;, = ,Yuancheng_blue01
CommonAI.Zone.ZoneEditor.SceneData,666,Events;101;Conditions;Datas;1;Value;Value1;Name;Value;, = ,Yuancheng_blue02
CommonAI.Zone.ZoneEditor.SceneData,666,Events;102;Conditions;Datas;1;Value;Value1;Name;Value;, = ,Yuancheng_blue03
CommonAI.Zone.ZoneEditor.SceneData,666,Events;103;Conditions;Datas;1;Value;Value1;Name;Value;, = ,Yuancheng_blue04
CommonAI.Zone.ZoneEditor.SceneData,666,Events;104;Conditions;Datas;1;Value;Value1;Name;Value;, = ,Yuancheng_blue05
CommonAI.Zone.ZoneEditor.SceneData,666,Events;105;Actions;Datas;0;Action;Message;str0;Value;, = ,您的能源不足，还需要
CommonAI.Zone.ZoneEditor.SceneData,666,Events;105;Actions;Datas;0;Action;Message;str2;Value;, = ,能源！
CommonAI.Zone.ZoneEditor.SceneData,666,Events;105;Actions;Datas;0;Action;Message;str3;Value;, = ,
CommonAI.Zone.ZoneEditor.SceneData,666,Events;105;Triggers;Datas;0;Item;Name;Value;, = ,Kuilei_red01
CommonAI.Zone.ZoneEditor.SceneData,666,Events;105;Triggers;Datas;1;Item;Name;Value;, = ,Kuilei_red02
CommonAI.Zone.ZoneEditor.SceneData,666,Events;105;Triggers;Datas;2;Item;Name;Value;, = ,Kuilei_red03
CommonAI.Zone.ZoneEditor.SceneData,666,Events;105;Triggers;Datas;3;Item;Name;Value;, = ,Kuilei_red04
CommonAI.Zone.ZoneEditor.SceneData,666,Events;105;Triggers;Datas;4;Item;Name;Value;, = ,Kuilei_red05
CommonAI.Zone.ZoneEditor.SceneData,666,Events;106;Actions;Datas;1;Message;Value;, = ,您消耗了555能源兑换了傀儡战车！
CommonAI.Zone.ZoneEditor.SceneData,666,Events;107;Actions;Datas;0;Action;Message;str0;Value;, = ,您的能源不足，还需要
CommonAI.Zone.ZoneEditor.SceneData,666,Events;107;Actions;Datas;0;Action;Message;str2;Value;, = ,能源！
CommonAI.Zone.ZoneEditor.SceneData,666,Events;107;Actions;Datas;0;Action;Message;str3;Value;, = ,
CommonAI.Zone.ZoneEditor.SceneData,666,Events;107;Triggers;Datas;0;Item;Name;Value;, = ,Kuilei_blue01
CommonAI.Zone.ZoneEditor.SceneData,666,Events;107;Triggers;Datas;1;Item;Name;Value;, = ,Kuilei_blue02
CommonAI.Zone.ZoneEditor.SceneData,666,Events;107;Triggers;Datas;2;Item;Name;Value;, = ,Kuilei_blue03
CommonAI.Zone.ZoneEditor.SceneData,666,Events;107;Triggers;Datas;3;Item;Name;Value;, = ,Kuilei_blue04
CommonAI.Zone.ZoneEditor.SceneData,666,Events;107;Triggers;Datas;4;Item;Name;Value;, = ,Kuilei_blue05
CommonAI.Zone.ZoneEditor.SceneData,666,Events;108;Actions;Datas;1;Message;Value;, = ,您消耗了555能源兑换了傀儡战车！
CommonAI.Zone.ZoneEditor.SceneData,666,Events;109;Conditions;Datas;1;Value;Value1;Name;Value;, = ,Kuilei_red01
CommonAI.Zone.ZoneEditor.SceneData,666,Events;11;Actions;Datas;1;Message;Value;, = ,中立怪物杀死了你！
CommonAI.Zone.ZoneEditor.SceneData,666,Events;11;Actions;Datas;2;Message;str0;Value;, = ,中立怪物
CommonAI.Zone.ZoneEditor.SceneData,666,Events;11;Actions;Datas;2;Message;str1;Value;, = ,杀死了
CommonAI.Zone.ZoneEditor.SceneData,666,Events;11;Actions;Datas;2;Message;str3;Value;, = ,
CommonAI.Zone.ZoneEditor.SceneData,666,Events;110;Conditions;Datas;1;Value;Value1;Name;Value;, = ,Kuilei_red02
CommonAI.Zone.ZoneEditor.SceneData,666,Events;111;Conditions;Datas;1;Value;Value1;Name;Value;, = ,Kuilei_red03
CommonAI.Zone.ZoneEditor.SceneData,666,Events;112;Conditions;Datas;1;Value;Value1;Name;Value;, = ,Kuilei_red04
CommonAI.Zone.ZoneEditor.SceneData,666,Events;113;Conditions;Datas;1;Value;Value1;Name;Value;, = ,Kuilei_red05
CommonAI.Zone.ZoneEditor.SceneData,666,Events;114;Conditions;Datas;1;Value;Value1;Name;Value;, = ,Kuilei_blue01
CommonAI.Zone.ZoneEditor.SceneData,666,Events;115;Conditions;Datas;1;Value;Value1;Name;Value;, = ,Kuilei_blue02
CommonAI.Zone.ZoneEditor.SceneData,666,Events;116;Conditions;Datas;1;Value;Value1;Name;Value;, = ,Kuilei_blue03
CommonAI.Zone.ZoneEditor.SceneData,666,Events;117;Conditions;Datas;1;Value;Value1;Name;Value;, = ,Kuilei_blue04
CommonAI.Zone.ZoneEditor.SceneData,666,Events;118;Conditions;Datas;1;Value;Value1;Name;Value;, = ,Kuilei_blue05
CommonAI.Zone.ZoneEditor.SceneData,666,Events;12;Actions;Datas;1;Message;Value;, = ,中立怪物杀死了你！
CommonAI.Zone.ZoneEditor.SceneData,666,Events;12;Actions;Datas;2;Message;str0;Value;, = ,中立怪物
CommonAI.Zone.ZoneEditor.SceneData,666,Events;12;Actions;Datas;2;Message;str1;Value;, = ,杀死了
CommonAI.Zone.ZoneEditor.SceneData,666,Events;12;Actions;Datas;2;Message;str3;Value;, = ,
CommonAI.Zone.ZoneEditor.SceneData,666,Events;127;Actions;Datas;0;Message;Value;, = ,你所在阵营的上路炮塔正在被攻击！
CommonAI.Zone.ZoneEditor.SceneData,666,Events;127;Actions;Datas;1;Message;Value;, = ,Sound:shang_attack
CommonAI.Zone.ZoneEditor.SceneData,666,Events;128;Actions;Datas;0;Message;Value;, = ,你所在阵营的上路炮塔正在被攻击！
CommonAI.Zone.ZoneEditor.SceneData,666,Events;128;Actions;Datas;1;Message;Value;, = ,Sound:shang_attack
CommonAI.Zone.ZoneEditor.SceneData,666,Events;129;Actions;Datas;0;Message;Value;, = ,你所在阵营的中路炮塔正在被攻击！
CommonAI.Zone.ZoneEditor.SceneData,666,Events;129;Actions;Datas;1;Message;Value;, = ,Sound:zhong_attack
CommonAI.Zone.ZoneEditor.SceneData,666,Events;130;Actions;Datas;0;Message;Value;, = ,你所在阵营的中路炮塔正在被攻击！
CommonAI.Zone.ZoneEditor.SceneData,666,Events;130;Actions;Datas;1;Message;Value;, = ,Sound:zhong_attack
CommonAI.Zone.ZoneEditor.SceneData,666,Events;131;Actions;Datas;0;Message;Value;, = ,你所在阵营的下路炮塔正在被攻击！
CommonAI.Zone.ZoneEditor.SceneData,666,Events;131;Actions;Datas;1;Message;Value;, = ,Sound:xia_attack
CommonAI.Zone.ZoneEditor.SceneData,666,Events;132;Actions;Datas;0;Message;Value;, = ,你所在阵营的下路炮塔正在被攻击！
CommonAI.Zone.ZoneEditor.SceneData,666,Events;132;Actions;Datas;1;Message;Value;, = ,Sound:xia_attack
CommonAI.Zone.ZoneEditor.SceneData,666,Events;133;Actions;Datas;0;Message;Value;, = ,你所在阵营的基地正在被攻击！
CommonAI.Zone.ZoneEditor.SceneData,666,Events;133;Actions;Datas;1;Message;Value;, = ,Sound:jidi_attack
CommonAI.Zone.ZoneEditor.SceneData,666,Events;134;Actions;Datas;0;Message;Value;, = ,你所在阵营的基地正在被攻击！
CommonAI.Zone.ZoneEditor.SceneData,666,Events;134;Actions;Datas;1;Message;Value;, = ,Sound:jidi_attack
CommonAI.Zone.ZoneEditor.SceneData,666,Events;135;Actions;Datas;0;Message;Value;, = ,摧毁敌方任意一路的两个炮塔后基地才可被攻击！
CommonAI.Zone.ZoneEditor.SceneData,666,Events;136;Actions;Datas;0;Message;Value;, = ,摧毁敌方任意一路的两个炮塔后基地才可被攻击！
CommonAI.Zone.ZoneEditor.SceneData,666,Events;14;Actions;Datas;1;Message;Value;, = ,蓝方防御塔杀死了你！
CommonAI.Zone.ZoneEditor.SceneData,666,Events;14;Actions;Datas;2;Message;str0;Value;, = ,蓝方防御塔
CommonAI.Zone.ZoneEditor.SceneData,666,Events;14;Actions;Datas;2;Message;str1;Value;, = ,杀死了
CommonAI.Zone.ZoneEditor.SceneData,666,Events;14;Actions;Datas;2;Message;str3;Value;, = ,
CommonAI.Zone.ZoneEditor.SceneData,666,Events;15;Actions;Datas;1;Message;Value;, = ,红方防御塔杀死了你！
CommonAI.Zone.ZoneEditor.SceneData,666,Events;15;Actions;Datas;2;Message;str0;Value;, = ,红方防御塔
CommonAI.Zone.ZoneEditor.SceneData,666,Events;15;Actions;Datas;2;Message;str1;Value;, = ,杀死了
CommonAI.Zone.ZoneEditor.SceneData,666,Events;15;Actions;Datas;2;Message;str3;Value;, = ,
CommonAI.Zone.ZoneEditor.SceneData,666,Events;16;Actions;Datas;1;Message;Value;, = ,Sound:red_win
CommonAI.Zone.ZoneEditor.SceneData,666,Events;17;Actions;Datas;1;Message;Value;, = ,Sound:blue_win
CommonAI.Zone.ZoneEditor.SceneData,666,Events;3;Actions;Datas;1;Message;Value;, = ,Sound:Tx001_run
CommonAI.Zone.ZoneEditor.SceneData,666,Events;4;Actions;Datas;3;Message;str1;Value;, = ,，有种放学别走！
CommonAI.Zone.ZoneEditor.SceneData,666,Events;4;Actions;Datas;3;Message;str2;Value;, = ,
CommonAI.Zone.ZoneEditor.SceneData,666,Events;4;Actions;Datas;3;Message;str3;Value;, = ,
CommonAI.Zone.ZoneEditor.SceneData,666,Events;4;Actions;Datas;4;Message;Value;, = ,Sound:Tx001_dead
CommonAI.Zone.ZoneEditor.SceneData,666,Events;40;Actions;Datas;2;Message;str1;Value;, = ,摧毁了一座红方的防御塔！
CommonAI.Zone.ZoneEditor.SceneData,666,Events;40;Actions;Datas;2;Message;str2;Value;, = ,
CommonAI.Zone.ZoneEditor.SceneData,666,Events;40;Actions;Datas;2;Message;str3;Value;, = ,
CommonAI.Zone.ZoneEditor.SceneData,666,Events;40;Actions;Datas;3;Message;Value;, = ,Sound:red_shang_dead
CommonAI.Zone.ZoneEditor.SceneData,666,Events;41;Actions;Datas;2;Message;str1;Value;, = ,摧毁了一座红方的防御塔！
CommonAI.Zone.ZoneEditor.SceneData,666,Events;41;Actions;Datas;2;Message;str2;Value;, = ,
CommonAI.Zone.ZoneEditor.SceneData,666,Events;41;Actions;Datas;2;Message;str3;Value;, = ,
CommonAI.Zone.ZoneEditor.SceneData,666,Events;41;Actions;Datas;3;Message;Value;, = ,Sound:red_shang_dead
CommonAI.Zone.ZoneEditor.SceneData,666,Events;42;Actions;Datas;2;Message;str1;Value;, = ,摧毁了一座红方的防御塔！
CommonAI.Zone.ZoneEditor.SceneData,666,Events;42;Actions;Datas;2;Message;str2;Value;, = ,
CommonAI.Zone.ZoneEditor.SceneData,666,Events;42;Actions;Datas;2;Message;str3;Value;, = ,
CommonAI.Zone.ZoneEditor.SceneData,666,Events;42;Actions;Datas;3;Message;Value;, = ,Sound:red_zhong_dead
CommonAI.Zone.ZoneEditor.SceneData,666,Events;43;Actions;Datas;2;Message;str1;Value;, = ,摧毁了一座红方的防御塔！
CommonAI.Zone.ZoneEditor.SceneData,666,Events;43;Actions;Datas;2;Message;str2;Value;, = ,
CommonAI.Zone.ZoneEditor.SceneData,666,Events;43;Actions;Datas;2;Message;str3;Value;, = ,
CommonAI.Zone.ZoneEditor.SceneData,666,Events;43;Actions;Datas;3;Message;Value;, = ,Sound:red_zhong_dead
CommonAI.Zone.ZoneEditor.SceneData,666,Events;44;Actions;Datas;2;Message;str1;Value;, = ,摧毁了一座红方的防御塔！
CommonAI.Zone.ZoneEditor.SceneData,666,Events;44;Actions;Datas;2;Message;str2;Value;, = ,
CommonAI.Zone.ZoneEditor.SceneData,666,Events;44;Actions;Datas;2;Message;str3;Value;, = ,
CommonAI.Zone.ZoneEditor.SceneData,666,Events;44;Actions;Datas;3;Message;Value;, = ,Sound:red_xia_dead
CommonAI.Zone.ZoneEditor.SceneData,666,Events;45;Actions;Datas;2;Message;str1;Value;, = ,摧毁了一座红方的防御塔！
CommonAI.Zone.ZoneEditor.SceneData,666,Events;45;Actions;Datas;2;Message;str2;Value;, = ,
CommonAI.Zone.ZoneEditor.SceneData,666,Events;45;Actions;Datas;2;Message;str3;Value;, = ,
CommonAI.Zone.ZoneEditor.SceneData,666,Events;45;Actions;Datas;3;Message;Value;, = ,Sound:red_xia_dead
CommonAI.Zone.ZoneEditor.SceneData,666,Events;46;Actions;Datas;2;Message;str1;Value;, = ,摧毁了一座蓝方的防御塔！
CommonAI.Zone.ZoneEditor.SceneData,666,Events;46;Actions;Datas;2;Message;str2;Value;, = ,
CommonAI.Zone.ZoneEditor.SceneData,666,Events;46;Actions;Datas;2;Message;str3;Value;, = ,
CommonAI.Zone.ZoneEditor.SceneData,666,Events;46;Actions;Datas;3;Message;Value;, = ,Sound:blue_shang_dead
CommonAI.Zone.ZoneEditor.SceneData,666,Events;47;Actions;Datas;2;Message;str1;Value;, = ,摧毁了一座蓝方的防御塔！
CommonAI.Zone.ZoneEditor.SceneData,666,Events;47;Actions;Datas;2;Message;str2;Value;, = ,
CommonAI.Zone.ZoneEditor.SceneData,666,Events;47;Actions;Datas;2;Message;str3;Value;, = ,
CommonAI.Zone.ZoneEditor.SceneData,666,Events;47;Actions;Datas;3;Message;Value;, = ,Sound:blue_shang_dead
CommonAI.Zone.ZoneEditor.SceneData,666,Events;48;Actions;Datas;2;Message;str1;Value;, = ,摧毁了一座蓝方的防御塔！
CommonAI.Zone.ZoneEditor.SceneData,666,Events;48;Actions;Datas;2;Message;str2;Value;, = ,
CommonAI.Zone.ZoneEditor.SceneData,666,Events;48;Actions;Datas;2;Message;str3;Value;, = ,
CommonAI.Zone.ZoneEditor.SceneData,666,Events;48;Actions;Datas;3;Message;Value;, = ,Sound:blue_zhong_dead
CommonAI.Zone.ZoneEditor.SceneData,666,Events;49;Actions;Datas;2;Message;str1;Value;, = ,摧毁了一座蓝方的防御塔！
CommonAI.Zone.ZoneEditor.SceneData,666,Events;49;Actions;Datas;2;Message;str2;Value;, = ,
CommonAI.Zone.ZoneEditor.SceneData,666,Events;49;Actions;Datas;2;Message;str3;Value;, = ,
CommonAI.Zone.ZoneEditor.SceneData,666,Events;49;Actions;Datas;3;Message;Value;, = ,Sound:blue_zhong_dead
CommonAI.Zone.ZoneEditor.SceneData,666,Events;50;Actions;Datas;2;Message;str1;Value;, = ,摧毁了一座蓝方的防御塔！
CommonAI.Zone.ZoneEditor.SceneData,666,Events;50;Actions;Datas;2;Message;str2;Value;, = ,
CommonAI.Zone.ZoneEditor.SceneData,666,Events;50;Actions;Datas;2;Message;str3;Value;, = ,
CommonAI.Zone.ZoneEditor.SceneData,666,Events;50;Actions;Datas;3;Message;Value;, = ,Sound:blue_xia_dead
CommonAI.Zone.ZoneEditor.SceneData,666,Events;51;Actions;Datas;2;Message;str1;Value;, = ,摧毁了一座蓝方的防御塔！
CommonAI.Zone.ZoneEditor.SceneData,666,Events;51;Actions;Datas;2;Message;str2;Value;, = ,
CommonAI.Zone.ZoneEditor.SceneData,666,Events;51;Actions;Datas;2;Message;str3;Value;, = ,
CommonAI.Zone.ZoneEditor.SceneData,666,Events;51;Actions;Datas;3;Message;Value;, = ,Sound:blue_xia_dead
CommonAI.Zone.ZoneEditor.SceneData,666,Events;55;Actions;Datas;2;Message;Value;, = ,下路的近程车间被红方成功占领！
CommonAI.Zone.ZoneEditor.SceneData,666,Events;55;Actions;Datas;3;Message;Value;, = ,Sound:J_red
CommonAI.Zone.ZoneEditor.SceneData,666,Events;56;Actions;Datas;2;Message;Value;, = ,下路的近程车间被蓝方成功占领！
CommonAI.Zone.ZoneEditor.SceneData,666,Events;56;Actions;Datas;3;Message;Value;, = ,Sound:J_blue
CommonAI.Zone.ZoneEditor.SceneData,666,Events;57;Actions;Datas;4;Message;Value;, = ,下路的近程车间恢复中立！
CommonAI.Zone.ZoneEditor.SceneData,666,Events;63;Actions;Datas;2;Message;Value;, = ,上路的远程车间被红方成功占领！
CommonAI.Zone.ZoneEditor.SceneData,666,Events;63;Actions;Datas;3;Message;Value;, = ,Sound:Y_red
CommonAI.Zone.ZoneEditor.SceneData,666,Events;64;Actions;Datas;2;Message;Value;, = ,上路的远程车间被蓝方成功占领！
CommonAI.Zone.ZoneEditor.SceneData,666,Events;64;Actions;Datas;3;Message;Value;, = ,Sound:Y_blue
CommonAI.Zone.ZoneEditor.SceneData,666,Events;65;Actions;Datas;4;Message;Value;, = ,上路的远程车间恢复中立！
CommonAI.Zone.ZoneEditor.SceneData,666,Events;71;Actions;Datas;2;Message;Value;, = ,中路的傀儡车间被红方成功占领！
CommonAI.Zone.ZoneEditor.SceneData,666,Events;71;Actions;Datas;3;Message;Value;, = ,Sound:K_red
CommonAI.Zone.ZoneEditor.SceneData,666,Events;72;Actions;Datas;2;Message;Value;, = ,中路的傀儡车间被蓝方成功占领！
CommonAI.Zone.ZoneEditor.SceneData,666,Events;72;Actions;Datas;3;Message;Value;, = ,Sound:K_blue
CommonAI.Zone.ZoneEditor.SceneData,666,Events;73;Actions;Datas;4;Message;Value;, = ,中路的傀儡车间恢复中立！
CommonAI.Zone.ZoneEditor.SceneData,666,Events;77;Actions;Datas;0;Action;Message;str0;Value;, = ,您的能源不足，还需要
CommonAI.Zone.ZoneEditor.SceneData,666,Events;77;Actions;Datas;0;Action;Message;str2;Value;, = ,能源！
CommonAI.Zone.ZoneEditor.SceneData,666,Events;77;Actions;Datas;0;Action;Message;str3;Value;, = ,
CommonAI.Zone.ZoneEditor.SceneData,666,Events;77;Triggers;Datas;0;Item;Name;Value;, = ,Jincheng_red01
CommonAI.Zone.ZoneEditor.SceneData,666,Events;77;Triggers;Datas;1;Item;Name;Value;, = ,Jincheng_red02
CommonAI.Zone.ZoneEditor.SceneData,666,Events;77;Triggers;Datas;2;Item;Name;Value;, = ,Jincheng_red03
CommonAI.Zone.ZoneEditor.SceneData,666,Events;77;Triggers;Datas;3;Item;Name;Value;, = ,Jincheng_red04
CommonAI.Zone.ZoneEditor.SceneData,666,Events;77;Triggers;Datas;4;Item;Name;Value;, = ,Jincheng_red05
CommonAI.Zone.ZoneEditor.SceneData,666,Events;78;Actions;Datas;1;Message;Value;, = ,您消耗了300能源兑换了近程战车！
CommonAI.Zone.ZoneEditor.SceneData,666,Events;79;Actions;Datas;0;Action;Message;str0;Value;, = ,您的能源不足，还需要
CommonAI.Zone.ZoneEditor.SceneData,666,Events;79;Actions;Datas;0;Action;Message;str2;Value;, = ,能源！
CommonAI.Zone.ZoneEditor.SceneData,666,Events;79;Actions;Datas;0;Action;Message;str3;Value;, = ,
CommonAI.Zone.ZoneEditor.SceneData,666,Events;79;Triggers;Datas;0;Item;Name;Value;, = ,Jincheng_blue01
CommonAI.Zone.ZoneEditor.SceneData,666,Events;79;Triggers;Datas;1;Item;Name;Value;, = ,Jincheng_blue02
CommonAI.Zone.ZoneEditor.SceneData,666,Events;79;Triggers;Datas;2;Item;Name;Value;, = ,Jincheng_blue03
CommonAI.Zone.ZoneEditor.SceneData,666,Events;79;Triggers;Datas;3;Item;Name;Value;, = ,Jincheng_blue04
CommonAI.Zone.ZoneEditor.SceneData,666,Events;79;Triggers;Datas;4;Item;Name;Value;, = ,Jincheng_blue05
CommonAI.Zone.ZoneEditor.SceneData,666,Events;80;Actions;Datas;1;Message;Value;, = ,您消耗了300能源兑换了近程战车！
CommonAI.Zone.ZoneEditor.SceneData,666,Events;81;Conditions;Datas;1;Value;Value1;Name;Value;, = ,Jincheng_red01
CommonAI.Zone.ZoneEditor.SceneData,666,Events;82;Conditions;Datas;1;Value;Value1;Name;Value;, = ,Jincheng_red02
CommonAI.Zone.ZoneEditor.SceneData,666,Events;83;Conditions;Datas;1;Value;Value1;Name;Value;, = ,Jincheng_red03
CommonAI.Zone.ZoneEditor.SceneData,666,Events;84;Conditions;Datas;1;Value;Value1;Name;Value;, = ,Jincheng_red04
CommonAI.Zone.ZoneEditor.SceneData,666,Events;85;Conditions;Datas;1;Value;Value1;Name;Value;, = ,Jincheng_red05
CommonAI.Zone.ZoneEditor.SceneData,666,Events;86;Conditions;Datas;1;Value;Value1;Name;Value;, = ,Jincheng_blue01
CommonAI.Zone.ZoneEditor.SceneData,666,Events;87;Conditions;Datas;1;Value;Value1;Name;Value;, = ,Jincheng_blue02
CommonAI.Zone.ZoneEditor.SceneData,666,Events;88;Conditions;Datas;1;Value;Value1;Name;Value;, = ,Jincheng_blue03
CommonAI.Zone.ZoneEditor.SceneData,666,Events;89;Conditions;Datas;1;Value;Value1;Name;Value;, = ,Jincheng_blue04
CommonAI.Zone.ZoneEditor.SceneData,666,Events;9;Actions;Datas;1;Message;str1;Value;, = ,杀死了你！
CommonAI.Zone.ZoneEditor.SceneData,666,Events;9;Actions;Datas;1;Message;str2;Value;, = ,
CommonAI.Zone.ZoneEditor.SceneData,666,Events;9;Actions;Datas;1;Message;str3;Value;, = ,
CommonAI.Zone.ZoneEditor.SceneData,666,Events;9;Actions;Datas;2;Message;str1;Value;, = ,杀死了
CommonAI.Zone.ZoneEditor.SceneData,666,Events;9;Actions;Datas;2;Message;str3;Value;, = ,
CommonAI.Zone.ZoneEditor.SceneData,666,Events;90;Conditions;Datas;1;Value;Value1;Name;Value;, = ,Jincheng_blue05
CommonAI.Zone.ZoneEditor.SceneData,666,Events;91;Actions;Datas;0;Action;Message;str0;Value;, = ,您的能源不足，还需要
CommonAI.Zone.ZoneEditor.SceneData,666,Events;91;Actions;Datas;0;Action;Message;str2;Value;, = ,能源！
CommonAI.Zone.ZoneEditor.SceneData,666,Events;91;Actions;Datas;0;Action;Message;str3;Value;, = ,
CommonAI.Zone.ZoneEditor.SceneData,666,Events;91;Triggers;Datas;0;Item;Name;Value;, = ,Yuancheng_red01
CommonAI.Zone.ZoneEditor.SceneData,666,Events;91;Triggers;Datas;1;Item;Name;Value;, = ,Yuancheng_red02
CommonAI.Zone.ZoneEditor.SceneData,666,Events;91;Triggers;Datas;2;Item;Name;Value;, = ,Yuancheng_red03
CommonAI.Zone.ZoneEditor.SceneData,666,Events;91;Triggers;Datas;3;Item;Name;Value;, = ,Yuancheng_red04
CommonAI.Zone.ZoneEditor.SceneData,666,Events;91;Triggers;Datas;4;Item;Name;Value;, = ,Yuancheng_red05
CommonAI.Zone.ZoneEditor.SceneData,666,Events;92;Actions;Datas;1;Message;Value;, = ,您消耗了300能源兑换了远程战车！
CommonAI.Zone.ZoneEditor.SceneData,666,Events;93;Actions;Datas;0;Action;Message;str0;Value;, = ,您的能源不足，还需要
CommonAI.Zone.ZoneEditor.SceneData,666,Events;93;Actions;Datas;0;Action;Message;str2;Value;, = ,能源！
CommonAI.Zone.ZoneEditor.SceneData,666,Events;93;Actions;Datas;0;Action;Message;str3;Value;, = ,
CommonAI.Zone.ZoneEditor.SceneData,666,Events;93;Triggers;Datas;0;Item;Name;Value;, = ,Yuancheng_blue01
CommonAI.Zone.ZoneEditor.SceneData,666,Events;93;Triggers;Datas;1;Item;Name;Value;, = ,Yuancheng_blue02
CommonAI.Zone.ZoneEditor.SceneData,666,Events;93;Triggers;Datas;2;Item;Name;Value;, = ,Yuancheng_blue03
CommonAI.Zone.ZoneEditor.SceneData,666,Events;93;Triggers;Datas;3;Item;Name;Value;, = ,Yuancheng_blue04
CommonAI.Zone.ZoneEditor.SceneData,666,Events;93;Triggers;Datas;4;Item;Name;Value;, = ,Yuancheng_blue05
CommonAI.Zone.ZoneEditor.SceneData,666,Events;94;Actions;Datas;1;Message;Value;, = ,您消耗了300能源兑换了远程战车！
CommonAI.Zone.ZoneEditor.SceneData,666,Events;95;Conditions;Datas;1;Value;Value1;Name;Value;, = ,Yuancheng_red01
CommonAI.Zone.ZoneEditor.SceneData,666,Events;96;Conditions;Datas;1;Value;Value1;Name;Value;, = ,Yuancheng_red02
CommonAI.Zone.ZoneEditor.SceneData,666,Events;97;Conditions;Datas;1;Value;Value1;Name;Value;, = ,Yuancheng_red03
CommonAI.Zone.ZoneEditor.SceneData,666,Events;98;Conditions;Datas;1;Value;Value1;Name;Value;, = ,Yuancheng_red04
CommonAI.Zone.ZoneEditor.SceneData,666,Events;99;Conditions;Datas;1;Value;Value1;Name;Value;, = ,Yuancheng_red05
CommonAI.Zone.ZoneEditor.SceneData,666,Name;, = ,纷争之地(20-29)
CommonAI.Zone.ZoneEditor.SceneData,100020,Name;, = ,正式资源－荣耀港口
CommonAI.Zone.ZoneEditor.SceneData,200101,Name;, = ,酒馆1
CommonAI.Zone.ZoneEditor.SceneData,404000,Events;1;Actions;Datas;4;DelayAction;Message;Value;, = ,finish
CommonAI.Zone.ZoneEditor.SceneData,404000,Events;1;Conditions;Datas;0;Value;String2;Value;, = ,BOSS
CommonAI.Zone.ZoneEditor.SceneData,404000,Events;3;Actions;Datas;2;Script;Value;, = ,qiangdilaixi@
CommonAI.Zone.ZoneEditor.SceneData,404000,Name;, = ,邪魔·半人马酋长（30级）
CommonAI.Zone.ZoneEditor.SceneData,999997,Events;0;Actions;Datas;18;Message;Value;, = ,天灾军团已击杀100只白鬼！率先完成目标！
CommonAI.Zone.ZoneEditor.SceneData,999997,Events;1;Actions;Datas;2;Message;Value;, = ,击杀白鬼+1
CommonAI.Zone.ZoneEditor.SceneData,999997,Events;10;Actions;Datas;14;Message;Value;, = ,近卫军团已经收集50个矿石！率先完成目标！
CommonAI.Zone.ZoneEditor.SceneData,999997,Events;12;Actions;Datas;3;Message;Value;, = ,不好！摩托尼尔逃走了！
CommonAI.Zone.ZoneEditor.SceneData,999997,Events;3;Actions;Datas;2;Message;Value;, = ,击杀白鬼+1
CommonAI.Zone.ZoneEditor.SceneData,999997,Events;34;Actions;Datas;0;Message;Value;, = ,赐予你再一次的生命，别又死了！
CommonAI.Zone.ZoneEditor.SceneData,999997,Events;35;Actions;Datas;0;Message;str1;Value;, = ,欢迎来到符文山谷，开始战斗吧！
CommonAI.Zone.ZoneEditor.SceneData,999997,Events;35;Actions;Datas;0;Message;str2;Value;, = ,
CommonAI.Zone.ZoneEditor.SceneData,999997,Events;35;Actions;Datas;0;Message;str3;Value;, = ,
CommonAI.Zone.ZoneEditor.SceneData,999997,Events;36;Actions;Datas;0;Message;Value;, = ,第一阶段：击杀白鬼
CommonAI.Zone.ZoneEditor.SceneData,999997,Events;37;Actions;Datas;0;Message;Value;, = ,第二阶段：收集矿石
CommonAI.Zone.ZoneEditor.SceneData,999997,Events;38;Actions;Datas;0;Message;Value;, = ,第三阶段：击杀摩托尼尔
CommonAI.Zone.ZoneEditor.SceneData,999997,Events;39;Actions;Datas;0;Message;str1;Value;, = ,被你虐杀！
CommonAI.Zone.ZoneEditor.SceneData,999997,Events;39;Actions;Datas;0;Message;str2;Value;, = ,
CommonAI.Zone.ZoneEditor.SceneData,999997,Events;39;Actions;Datas;0;Message;str3;Value;, = ,
CommonAI.Zone.ZoneEditor.SceneData,999997,Events;39;Actions;Datas;1;Message;str1;Value;, = ,杀死了你！
CommonAI.Zone.ZoneEditor.SceneData,999997,Events;39;Actions;Datas;1;Message;str2;Value;, = ,
CommonAI.Zone.ZoneEditor.SceneData,999997,Events;39;Actions;Datas;1;Message;str3;Value;, = ,
CommonAI.Zone.ZoneEditor.SceneData,999997,Events;4;Actions;Datas;18;Message;Value;, = ,近卫军团击杀100只白鬼！率先完成目标！
CommonAI.Zone.ZoneEditor.SceneData,999997,Events;42;Actions;Datas;0;Message;str1;Value;, = ,连杀3人，谁能阻止他！
CommonAI.Zone.ZoneEditor.SceneData,999997,Events;42;Actions;Datas;0;Message;str2;Value;, = ,
CommonAI.Zone.ZoneEditor.SceneData,999997,Events;42;Actions;Datas;0;Message;str3;Value;, = ,
CommonAI.Zone.ZoneEditor.SceneData,999997,Events;43;Actions;Datas;0;Message;str1;Value;, = ,连杀5人，大杀特杀如入无人之境！
CommonAI.Zone.ZoneEditor.SceneData,999997,Events;43;Actions;Datas;0;Message;str2;Value;, = ,
CommonAI.Zone.ZoneEditor.SceneData,999997,Events;43;Actions;Datas;0;Message;str3;Value;, = ,
CommonAI.Zone.ZoneEditor.SceneData,999997,Events;44;Actions;Datas;0;Message;str1;Value;, = ,连杀10人，无人能敌已经超神！
CommonAI.Zone.ZoneEditor.SceneData,999997,Events;44;Actions;Datas;0;Message;str2;Value;, = ,
CommonAI.Zone.ZoneEditor.SceneData,999997,Events;44;Actions;Datas;0;Message;str3;Value;, = ,
CommonAI.Zone.ZoneEditor.SceneData,999997,Events;45;Actions;Datas;0;Message;Value;, = ,据点A已被占领，我方成员将获得加成！
CommonAI.Zone.ZoneEditor.SceneData,999997,Events;45;Actions;Datas;1;Message;Value;, = ,据点A已被敌方占领，将为敌方提供加成！
CommonAI.Zone.ZoneEditor.SceneData,999997,Events;46;Actions;Datas;0;Message;Value;, = ,据点A已被占领，我方成员将获得加成！
CommonAI.Zone.ZoneEditor.SceneData,999997,Events;46;Actions;Datas;1;Message;Value;, = ,据点A已被敌方占领，将为敌方提供加成！
CommonAI.Zone.ZoneEditor.SceneData,999997,Events;47;Actions;Datas;0;Message;Value;, = ,据点B已被占领，我方成员将获得加成！
CommonAI.Zone.ZoneEditor.SceneData,999997,Events;47;Actions;Datas;1;Message;Value;, = ,据点B已被敌方占领，将为敌方提供加成！
CommonAI.Zone.ZoneEditor.SceneData,999997,Events;48;Actions;Datas;0;Message;Value;, = ,据点B已被占领，我方成员将获得加成！
CommonAI.Zone.ZoneEditor.SceneData,999997,Events;48;Actions;Datas;1;Message;Value;, = ,据点B已被敌方占领，将为敌方提供加成！
CommonAI.Zone.ZoneEditor.SceneData,999997,Events;49;Actions;Datas;0;Message;Value;, = ,据点A恢复中立，快去占领吧！
CommonAI.Zone.ZoneEditor.SceneData,999997,Events;5;Actions;Datas;14;Message;Value;, = ,新的轮回！开启第一阶段：击杀白鬼
CommonAI.Zone.ZoneEditor.SceneData,999997,Events;50;Actions;Datas;0;Message;Value;, = ,据点B恢复中立，快去占领吧！
CommonAI.Zone.ZoneEditor.SceneData,999997,Events;6;Actions;Datas;2;Message;Value;, = ,矿石+1
CommonAI.Zone.ZoneEditor.SceneData,999997,Events;7;Actions;Datas;14;Message;Value;, = ,天灾军团已经收集50个矿石！率先完成目标！
CommonAI.Zone.ZoneEditor.SceneData,999997,Events;9;Actions;Datas;2;Message;Value;, = ,矿石+1
CommonAI.Zone.ZoneEditor.SceneData,999997,Name;, = ,Demo正式场景
CommonAI.Zone.ZoneEditor.SceneData,999998,Events;0;Actions;Datas;0;Message;Value;, = ,红方击杀百鬼１００只！
CommonAI.Zone.ZoneEditor.SceneData,999998,Events;3;Conditions;Datas;0;Value;String2;Value;, = ,sp01
CommonAI.Zone.ZoneEditor.SceneData,999998,Name;, = ,Demo场景
CommonAI.Zone.ZoneEditor.SceneData,999999,Name;, = ,测试场景
CommonAI.Zone.ZoneEditor.SceneData,99887766,Areas;0;DisplayName;, = ,远征军营地
CommonAI.Zone.ZoneEditor.SceneData,99887766,Areas;1;DisplayName;, = ,格伦营地（废墟）
CommonAI.Zone.ZoneEditor.SceneData,99887766,Areas;2;DisplayName;, = ,兽人营地
CommonAI.Zone.ZoneEditor.SceneData,99887766,Areas;3;DisplayName;, = ,巨树之眼
CommonAI.Zone.ZoneEditor.SceneData,99887766,Name;, = ,艾文郡&#44;awj
CommonAI.Zone.ZoneEditor.SceneData,99990000,Events;0;Actions;Datas;18;Message;Value;, = ,天灾军团已击杀100只白鬼！率先完成目标！
CommonAI.Zone.ZoneEditor.SceneData,99990000,Events;1;Actions;Datas;2;Message;Value;, = ,击杀白鬼+1
CommonAI.Zone.ZoneEditor.SceneData,99990000,Events;10;Actions;Datas;14;Message;Value;, = ,近卫军团已经收集50个矿石！率先完成目标！
CommonAI.Zone.ZoneEditor.SceneData,99990000,Events;12;Actions;Datas;3;Message;Value;, = ,不好！摩托尼尔逃走了！
CommonAI.Zone.ZoneEditor.SceneData,99990000,Events;3;Actions;Datas;2;Message;Value;, = ,击杀白鬼+1
CommonAI.Zone.ZoneEditor.SceneData,99990000,Events;34;Actions;Datas;0;Message;Value;, = ,赐予你再一次的生命，别又死了！
CommonAI.Zone.ZoneEditor.SceneData,99990000,Events;35;Actions;Datas;0;Message;str1;Value;, = ,欢迎来到符文山谷，开始战斗吧！
CommonAI.Zone.ZoneEditor.SceneData,99990000,Events;35;Actions;Datas;0;Message;str2;Value;, = ,
CommonAI.Zone.ZoneEditor.SceneData,99990000,Events;35;Actions;Datas;0;Message;str3;Value;, = ,
CommonAI.Zone.ZoneEditor.SceneData,99990000,Events;36;Actions;Datas;0;Message;Value;, = ,第一阶段：击杀白鬼
CommonAI.Zone.ZoneEditor.SceneData,99990000,Events;37;Actions;Datas;0;Message;Value;, = ,第二阶段：收集矿石
CommonAI.Zone.ZoneEditor.SceneData,99990000,Events;38;Actions;Datas;0;Message;Value;, = ,第三阶段：击杀摩托尼尔
CommonAI.Zone.ZoneEditor.SceneData,99990000,Events;39;Actions;Datas;0;Message;str1;Value;, = ,被你虐杀！
CommonAI.Zone.ZoneEditor.SceneData,99990000,Events;39;Actions;Datas;0;Message;str2;Value;, = ,
CommonAI.Zone.ZoneEditor.SceneData,99990000,Events;39;Actions;Datas;0;Message;str3;Value;, = ,
CommonAI.Zone.ZoneEditor.SceneData,99990000,Events;39;Actions;Datas;1;Message;str1;Value;, = ,杀死了你！
CommonAI.Zone.ZoneEditor.SceneData,99990000,Events;39;Actions;Datas;1;Message;str2;Value;, = ,
CommonAI.Zone.ZoneEditor.SceneData,99990000,Events;39;Actions;Datas;1;Message;str3;Value;, = ,
CommonAI.Zone.ZoneEditor.SceneData,99990000,Events;4;Actions;Datas;18;Message;Value;, = ,近卫军团击杀100只白鬼！率先完成目标！
CommonAI.Zone.ZoneEditor.SceneData,99990000,Events;42;Actions;Datas;0;Message;str1;Value;, = ,连杀3人，谁能阻止他！
CommonAI.Zone.ZoneEditor.SceneData,99990000,Events;42;Actions;Datas;0;Message;str2;Value;, = ,
CommonAI.Zone.ZoneEditor.SceneData,99990000,Events;42;Actions;Datas;0;Message;str3;Value;, = ,
CommonAI.Zone.ZoneEditor.SceneData,99990000,Events;43;Actions;Datas;0;Message;str1;Value;, = ,连杀5人，大杀特杀如入无人之境！
CommonAI.Zone.ZoneEditor.SceneData,99990000,Events;43;Actions;Datas;0;Message;str2;Value;, = ,
CommonAI.Zone.ZoneEditor.SceneData,99990000,Events;43;Actions;Datas;0;Message;str3;Value;, = ,
CommonAI.Zone.ZoneEditor.SceneData,99990000,Events;44;Actions;Datas;0;Message;str1;Value;, = ,连杀10人，无人能敌已经超神！
CommonAI.Zone.ZoneEditor.SceneData,99990000,Events;44;Actions;Datas;0;Message;str2;Value;, = ,
CommonAI.Zone.ZoneEditor.SceneData,99990000,Events;44;Actions;Datas;0;Message;str3;Value;, = ,
CommonAI.Zone.ZoneEditor.SceneData,99990000,Events;45;Actions;Datas;0;Message;Value;, = ,据点A已被占领，我方成员将获得加成！
CommonAI.Zone.ZoneEditor.SceneData,99990000,Events;45;Actions;Datas;1;Message;Value;, = ,据点A已被敌方占领，将为敌方提供加成！
CommonAI.Zone.ZoneEditor.SceneData,99990000,Events;46;Actions;Datas;0;Message;Value;, = ,据点A已被占领，我方成员将获得加成！
CommonAI.Zone.ZoneEditor.SceneData,99990000,Events;46;Actions;Datas;1;Message;Value;, = ,据点A已被敌方占领，将为敌方提供加成！
CommonAI.Zone.ZoneEditor.SceneData,99990000,Events;47;Actions;Datas;0;Message;Value;, = ,据点B已被占领，我方成员将获得加成！
CommonAI.Zone.ZoneEditor.SceneData,99990000,Events;47;Actions;Datas;1;Message;Value;, = ,据点B已被敌方占领，将为敌方提供加成！
CommonAI.Zone.ZoneEditor.SceneData,99990000,Events;48;Actions;Datas;0;Message;Value;, = ,据点B已被占领，我方成员将获得加成！
CommonAI.Zone.ZoneEditor.SceneData,99990000,Events;48;Actions;Datas;1;Message;Value;, = ,据点B已被敌方占领，将为敌方提供加成！
CommonAI.Zone.ZoneEditor.SceneData,99990000,Events;49;Actions;Datas;0;Message;Value;, = ,据点A恢复中立，快去占领吧！
CommonAI.Zone.ZoneEditor.SceneData,99990000,Events;5;Actions;Datas;14;Message;Value;, = ,新的轮回！开启第一阶段：击杀白鬼
CommonAI.Zone.ZoneEditor.SceneData,99990000,Events;50;Actions;Datas;0;Message;Value;, = ,据点B恢复中立，快去占领吧！
CommonAI.Zone.ZoneEditor.SceneData,99990000,Events;51;Actions;Datas;1;Key;Value;, = ,key
CommonAI.Zone.ZoneEditor.SceneData,99990000,Events;51;Actions;Datas;1;Value;Value;, = ,value
CommonAI.Zone.ZoneEditor.SceneData,99990000,Events;56;Actions;Datas;0;Tag;Value;, = ,TT2
CommonAI.Zone.ZoneEditor.SceneData,99990000,Events;56;Actions;Datas;1;DelayAction;Tag;Value;, = ,TT3
CommonAI.Zone.ZoneEditor.SceneData,99990000,Events;6;Actions;Datas;2;Message;Value;, = ,矿石+1
CommonAI.Zone.ZoneEditor.SceneData,99990000,Events;7;Actions;Datas;14;Message;Value;, = ,天灾军团已经收集50个矿石！率先完成目标！
CommonAI.Zone.ZoneEditor.SceneData,99990000,Events;9;Actions;Datas;2;Message;Value;, = ,矿石+1
CommonAI.Zone.ZoneEditor.SceneData,99990000,Name;, = ,Demo正式场景
CommonAI.Zone.ZoneEditor.SceneData,99990001,Name;, = ,测试阵型
CommonAI.Zone.ZoneEditor.SceneData,99990002,Name;, = ,Test
CommonAI.Zone.ZoneEditor.SceneData,99990003,Name;, = ,DeathMatch
CommonAI.Zone.ZoneEditor.SceneData,525013267,Name;, = ,测试DM
